Name,ID,Region index,Start,End,Length,Consensus repeat,Repeat Length,Average Spacer Length,Number of spacers,Strand,Category
NC_009778,1,1,2777861,2779720,1860,GTGTTCCCCGCGCGAGCGGGGATAAACCG,29,32,30,Reversed,Bona-fide
NC_009778,2,2,2805998,2807613,1616,CTGTTCCCCGCGCGAGCGGGGATAAACCG,29,32,26,Reversed,Bona-fide
NC_009778,3,3,3130763,3131511,749,GTTCACTGCCGTACAGGCAGCTTAGAAA,28,32,12,Reversed,Bona-fide
NC_009778,4,3,3130763,3131511,749,GTTCACTGCCGTACAGGCAGCTTAGAAAG,29,31,12,Reversed,Alternative
NC_009778,5,4,58323,58444,122,GGGTGCGCTTCGCTTACCCACCCTACGG,28,19,2,Forward,Possible
NC_009778,6,5,218522,218660,139,TGGTGGGTGCGCTTCGCTTACCCACCCTACAA,32,21,2,Forward,Possible
NC_009778,7,6,301386,301519,134,CGGTGGGTGCGCTGCGCTTACCCACCCTACA,31,20,2,Reversed,Possible
NC_009778,8,7,2282936,2283144,209,GGCAGGTGCGCTCCGCTTACCTGCCCTACAAAACCTGCCGTAG,43,40,2,Forward,Possible
NC_009778,9,8,2710439,2710572,134,GTGCGCTGCGCTTACCCACCCTAC,24,31,2,Forward,Possible
NC_009778,10,9,3483079,3483261,183,GGCGGGTGCGCTTCGCTTACCCGCCCTACA,30,21,3,Forward,Possible
NC_009778,11,10,4244191,4244308,118,GTGCGCTACGCTTACCCACCCTACGG,26,20,2,Reversed,Possible
